ID,Check,CheckingPeer,State,Time
1,1,karving,Start,13:30:00
2,1,karving,Success,14:10:00
3,2,ceramon,Start,10:10:00
4,2,ceramon,Failure,10:50:00
5,3,cyndi,Start,17:05:00
6,3,cyndi,Success,17:35:00
7,4,acadi,Start,11:20:00
8,5,brolyx,Start,23:20:00
9,5,brolyx,Success,23:20:00
10,6,sarash,Start,13:07:00
11,6,sarash,Success,13:37:00
12,7,veremont,Start,11:45:00
13,7,veremont,Success,12:05:00
14,8,veremont,Start,18:00:00
15,8,veremont,Success,18:35:00
16,9,patison,Start,15:30:00
17,9,patison,Success,18:00:00
18,10,cyndi,Start,15:30:00
19,10,cyndi,Success,18:00:00
20,11,patison,Start,12:30:00
21,11,patison,Success,13:00:00
22,12,cyndi,Start,15:30:00
23,12,cyndi,Success,18:00:00
24,13,patison,Start,12:30:00
25,13,patison,Success,13:00:00
26,14,patison,Start,13:30:00
27,14,patison,Success,14:00:00
28,15,acadi,Start,13:00:00
29,15,acadi,Success,13:20:00
30,16,alabile,Start,13:30:00
31,16,alabile,Success,13:40:00
32,17,brolyx,Start,13:40:00
33,18,acadi,Start,13:50:00
34,18,acadi,Success,14:00:00
35,19,werbaliz,Start,15:00:00
36,19,werbaliz,Success,16:00:00
37,20,cyndi,Start,16:10:00
38,20,cyndi,Success,16:20:00
39,21,acadi,Start,17:00:00
40,21,acadi,Success,17:10:00
41,22,acadi,Start,13:00:00
42,22,acadi,Success,13:20:00
43,23,alabile,Start,13:30:00
44,23,alabile,Success,13:40:00
45,24,acadi,Start,13:50:00
46,24,acadi,Success,14:00:00
47,25,werbaliz,Start,15:00:00
48,25,werbaliz,Success,16:00:00
49,26,werbaliz,Start,16:00:00
50,26,werbaliz,Success,16:10:00
51,17,brolyx,Success,23:59:00
52,27,werbaliz,Start,16:30:00
53,27,werbaliz,Success,16:55:00
54,28,karving,Start,17:30:00
55,28,karving,Success,17:55:00
56,29,brolyx,Start,16:30:00
57,29,brolyx,Failure,16:55:00
58,30,acadi,Start,20:30:00
59,30,acadi,Failure,20:55:00
60,31,patison,Start,20:30:00
61,31,patison,Failure,20:55:00
62,32,werbaliz,Start,16:30:00
63,32,werbaliz,Success,16:55:00
64,33,werbaliz,Start,16:30:00
65,33,werbaliz,Success,16:55:00
66,34,karving,Start,17:30:00
67,34,karving,Success,17:55:00
68,35,werbaliz,Start,17:30:00
69,35,werbaliz,Success,17:55:00
70,36,karving,Start,18:30:00
71,36,karving,Success,18:55:00
72,37,karving,Start,13:30:00
73,37,karving,Failure,13:55:00
